{
  "norm_stats": {
    "state": {
      "mean": [
        -0.04651879146695137,
        0.0344090461730957,
        0.7645531296730042,
        2.9722142219543457,
        -0.22046957910060883,
        -0.12557949125766754,
        0.026914257556200027,
        -0.02719077095389366
      ],
      "std": [
        0.10494401305913925,
        0.15176622569561005,
        0.3785156011581421,
        0.34425732493400574,
        0.90694659948349,
        0.3253919184207916,
        0.014175924472510815,
        0.014058893546462059
      ],
      "q01": [
        -0.3992278680294752,
        -0.2688781352341175,
        0.0380015922319144,
        1.5083277968406676,
        -2.721004430627823,
        -1.0813218128442763,
        0.00173520012809895,
        -0.04004424215038307
      ],
      "q99": [
        0.13545873028039934,
        0.33566314613819126,
        1.2698724751349537,
        3.2765059180259706,
        2.405436800289154,
        0.5971528978824616,
        0.04030334069116507,
        -0.0017878379381960213
      ]
    },
    "actions": {
      "mean": [
        0.020204905420541763,
        0.09841914474964142,
        -0.04039886221289635,
        0.0006409431807696819,
        0.006887814030051231,
        -0.006337207742035389,
        -0.034920211881399155
      ],
      "std": [
        0.29185056686401367,
        0.349902868270874,
        0.4442777633666992,
        0.03856263682246208,
        0.06388705968856812,
        0.07627759873867035,
        0.9993901252746582
      ],
      "q01": [
        -0.7072499999999999,
        -0.747375,
        -0.9375,
        -0.10939800560474394,
        -0.16515000000000002,
        -0.20385300557613373,
        -1.0
      ],
      "q99": [
        0.8812500000000001,
        0.86775,
        0.937125,
        0.13040250018239025,
        0.1875,
        0.3384689996480942,
        0.9996
      ]
    }
  }
}
